rcept_no,reprt_code,bsns_year,corp_code,sj_div,sj_nm,account_id,account_nm,account_detail,thstrm_nm,thstrm_amount,frmtrm_nm,frmtrm_amount,ord,currency,thstrm_add_amount,frmtrm_q_nm,frmtrm_q_amount,frmtrm_add_amount
20250515001922,11013,2025,00126380,BS,재무상태표,ifrs-full_Assets,자산총계,-,제 57 기 1분기말,516376748000000,제 56 기말,514531948000000,7,KRW,,,,
20250515001922,11013,2025,00126380,BS,재무상태표,ifrs-full_CurrentAssets,유동자산,-,제 57 기 1분기말,222685717000000,제 56 기말,227062266000000,8,KRW,,,,
20250515001922,11013,2025,00126380,BS,재무상태표,dart_ShortTermOtherReceivablesNet,미수금,-,제 57 기 1분기말,9141453000000,제 56 기말,9622974000000,9,KRW,,,,
20250515001922,11013,2025,00126380,BS,재무상태표,ifrs-full_CashAndCashEquivalents,현금및현금성자산,-,제 57 기 1분기말,53161004000000,제 56 기말,53705579000000,10,KRW,,,,
20250515001922,11013,2025,00126380,BS,재무상태표,ifrs-full_CurrentFinancialAssetsAtFairValueThroughProfitOrLoss,단기당기손익-공정가치금융자산,-,제 57 기 1분기말,29521000000,제 56 기말,36877000000,11,KRW,,,,
20250515001922,11013,2025,00126380,BS,재무상태표,ifrs-full_CurrentPrepaidExpenses,선급비용,-,제 57 기 1분기말,3553132000000,제 56 기말,3362824000000,12,KRW,,,,
20250515001922,11013,2025,00126380,BS,재무상태표,ifrs-full_CurrentTradeReceivables,매출채권,-,제 57 기 1분기말,44866585000000,제 56 기말,43623073000000,13,KRW,,,,
20250515001922,11013,2025,00126380,BS,재무상태표,ifrs-full_Inventories,재고자산,-,제 57 기 1분기말,53220267000000,제 56 기말,51754865000000,14,KRW,,,,
20250515001922,11013,2025,00126380,BS,재무상태표,ifrs-full_OtherCurrentAssets,기타유동자산,-,제 57 기 1분기말,6770718000000,제 56 기말,6046740000000,15,KRW,,,,
20250515001922,11013,2025,00126380,BS,재무상태표,ifrs-full_ShorttermDepositsNotClassifiedAsCashEquivalents,단기금융상품,-,제 57 기 1분기말,51943037000000,제 56 기말,58909334000000,16,KRW,,,,
20250515001922,11013,2025,00126380,BS,재무상태표,ifrs-full_NoncurrentAssets,비유동자산,-,제 57 기 1분기말,293691031000000,제 56 기말,287469682000000,17,KRW,,,,
20250515001922,11013,2025,00126380,BS,재무상태표,ifrs-full_DeferredTaxAssets,이연법인세자산,-,제 57 기 1분기말,16821230000000,제 56 기말,14236468000000,18,KRW,,,,
20250515001922,11013,2025,00126380,BS,재무상태표,ifrs-full_IntangibleAssetsAndGoodwill,무형자산,-,제 57 기 1분기말,26695086000000,제 56 기말,23738566000000,19,KRW,,,,
20250515001922,11013,2025,00126380,BS,재무상태표,ifrs-full_InvestmentAccountedForUsingEquityMethod,관계기업 및 공동기업 투자,-,제 57 기 1분기말,12600953000000,제 56 기말,12592117000000,20,KRW,,,,
20250515001922,11013,2025,00126380,BS,재무상태표,ifrs-full_NoncurrentFinancialAssetsAtFairValueThroughProfitOrLoss,당기손익-공정가치금융자산,-,제 57 기 1분기말,1230070000000,제 56 기말,1175749000000,21,KRW,,,,
20250515001922,11013,2025,00126380,BS,재무상태표,ifrs-full_NoncurrentFinancialAssetsMeasuredAtFairValueThroughOtherComprehensiveIncome,기타포괄손익-공정가치금융자산,-,제 57 기 1분기말,10288577000000,제 56 기말,10580932000000,22,KRW,,,,
20250515001922,11013,2025,00126380,BS,재무상태표,ifrs-full_NoncurrentRecognisedAssetsDefinedBenefitPlan,순확정급여자산,-,제 57 기 1분기말,2742083000000,제 56 기말,3089571000000,23,KRW,,,,
20250515001922,11013,2025,00126380,BS,재무상태표,ifrs-full_OtherNoncurrentAssets,기타비유동자산,-,제 57 기 1분기말,15927264000000,제 56 기말,16111070000000,24,KRW,,,,
20250515001922,11013,2025,00126380,BS,재무상태표,ifrs-full_PropertyPlantAndEquipment,유형자산,-,제 57 기 1분기말,207385768000000,제 56 기말,205945209000000,25,KRW,,,,
20250515001922,11013,2025,00126380,BS,재무상태표,ifrs-full_Equity,자본총계,-,제 57 기 1분기말,406614269000000,제 56 기말,402192070000000,27,KRW,,,,
20250515001922,11013,2025,00126380,BS,재무상태표,ifrs-full_EquityAttributableToOwnersOfParent,지배기업의 소유주에게 귀속되는 자본,-,제 57 기 1분기말,395861094000000,제 56 기말,391687603000000,28,KRW,,,,
20250515001922,11013,2025,00126380,BS,재무상태표,dart_ElementsOfOtherStockholdersEquity,기타자본항목,-,제 57 기 1분기말,17497516000000,제 56 기말,15873008000000,29,KRW,,,,
20250515001922,11013,2025,00126380,BS,재무상태표,ifrs-full_IssuedCapital,자본금,-,제 57 기 1분기말,897514000000,제 56 기말,897514000000,30,KRW,,,,
20250515001922,11013,2025,00126380,BS,재무상태표,dart_IssuedCapitalOfCommonStock,보통주자본금,-,제 57 기 1분기말,778047000000,제 56 기말,778047000000,31,KRW,,,,
20250515001922,11013,2025,00126380,BS,재무상태표,dart_IssuedCapitalOfPreferredStock,우선주자본금,-,제 57 기 1분기말,119467000000,제 56 기말,119467000000,32,KRW,,,,
20250515001922,11013,2025,00126380,BS,재무상태표,ifrs-full_RetainedEarnings,이익잉여금,-,제 57 기 1분기말,373062171000000,제 56 기말,370513188000000,33,KRW,,,,
20250515001922,11013,2025,00126380,BS,재무상태표,ifrs-full_SharePremium,주식발행초과금,-,제 57 기 1분기말,4403893000000,제 56 기말,4403893000000,34,KRW,,,,
20250515001922,11013,2025,00126380,BS,재무상태표,ifrs-full_NoncontrollingInterests,비지배지분,-,제 57 기 1분기말,10753175000000,제 56 기말,10504467000000,35,KRW,,,,
20250515001922,11013,2025,00126380,BS,재무상태표,ifrs-full_EquityAndLiabilities,부채와자본총계,-,제 57 기 1분기말,516376748000000,제 56 기말,514531948000000,36,KRW,,,,
20250515001922,11013,2025,00126380,BS,재무상태표,ifrs-full_CurrentLiabilities,유동부채,-,제 57 기 1분기말,90279712000000,제 56 기말,93326299000000,38,KRW,,,,
20250515001922,11013,2025,00126380,BS,재무상태표,dart_ShortTermWithholdings,예수금,-,제 57 기 1분기말,1075205000000,제 56 기말,991812000000,39,KRW,,,,
20250515001922,11013,2025,00126380,BS,재무상태표,-표준계정코드 미사용-,단기차입금,-,제 57 기 1분기말,5333859000000,제 56 기말,13172504000000,40,KRW,,,,
20250515001922,11013,2025,00126380,BS,재무상태표,ifrs-full_AccrualsClassifiedAsCurrent,미지급비용,-,제 57 기 1분기말,28182718000000,제 56 기말,29613258000000,41,KRW,,,,
20250515001922,11013,2025,00126380,BS,재무상태표,ifrs-full_CurrentAdvances,선수금,-,제 57 기 1분기말,1857522000000,제 56 기말,1841420000000,42,KRW,,,,
20250515001922,11013,2025,00126380,BS,재무상태표,ifrs-full_CurrentPortionOfLongtermBorrowings,유동성장기부채,-,제 57 기 1분기말,2035992000000,제 56 기말,2207290000000,43,KRW,,,,
20250515001922,11013,2025,00126380,BS,재무상태표,ifrs-full_CurrentTaxLiabilities,당기법인세부채,-,제 57 기 1분기말,6281482000000,제 56 기말,4340171000000,44,KRW,,,,
20250515001922,11013,2025,00126380,BS,재무상태표,ifrs-full_OtherCurrentLiabilities,기타유동부채,-,제 57 기 1분기말,1905312000000,제 56 기말,2025833000000,45,KRW,,,,
20250515001922,11013,2025,00126380,BS,재무상태표,ifrs-full_OtherCurrentPayables,미지급금,-,제 57 기 1분기말,20753988000000,제 56 기말,18547365000000,46,KRW,,,,
20250515001922,11013,2025,00126380,BS,재무상태표,ifrs-full_OtherShorttermProvisions,충당부채,-,제 57 기 1분기말,8357439000000,제 56 기말,8216469000000,47,KRW,,,,
20250515001922,11013,2025,00126380,BS,재무상태표,ifrs-full_TradeAndOtherCurrentPayablesToTradeSuppliers,매입채무,-,제 57 기 1분기말,14496195000000,제 56 기말,12370177000000,48,KRW,,,,
20250515001922,11013,2025,00126380,BS,재무상태표,ifrs-full_Liabilities,부채총계,-,제 57 기 1분기말,109762479000000,제 56 기말,112339878000000,49,KRW,,,,
20250515001922,11013,2025,00126380,BS,재무상태표,ifrs-full_NoncurrentLiabilities,비유동부채,-,제 57 기 1분기말,19482767000000,제 56 기말,19013579000000,50,KRW,,,,
20250515001922,11013,2025,00126380,BS,재무상태표,ifrs-full_DeferredTaxLiabilities,이연법인세부채,-,제 57 기 1분기말,535948000000,제 56 기말,528231000000,51,KRW,,,,
20250515001922,11013,2025,00126380,BS,재무상태표,ifrs-full_NoncurrentPortionOfNoncurrentBondsIssued,사채,-,제 57 기 1분기말,14518000000,제 56 기말,14530000000,52,KRW,,,,
20250515001922,11013,2025,00126380,BS,재무상태표,ifrs-full_NoncurrentPortionOfNoncurrentLoansReceived,장기차입금,-,제 57 기 1분기말,3759579000000,제 56 기말,3935860000000,53,KRW,,,,
20250515001922,11013,2025,00126380,BS,재무상태표,ifrs-full_NoncurrentRecognisedLiabilitiesDefinedBenefitPlan,순확정급여부채,-,제 57 기 1분기말,528203000000,제 56 기말,521410000000,54,KRW,,,,
20250515001922,11013,2025,00126380,BS,재무상태표,ifrs-full_OtherLongtermProvisions,장기충당부채,-,제 57 기 1분기말,2917989000000,제 56 기말,3120044000000,55,KRW,,,,
20250515001922,11013,2025,00126380,BS,재무상태표,ifrs-full_OtherNoncurrentLiabilities,기타비유동부채,-,제 57 기 1분기말,6116639000000,제 56 기말,5383049000000,56,KRW,,,,
20250515001922,11013,2025,00126380,BS,재무상태표,ifrs-full_OtherNoncurrentPayables,장기미지급금,-,제 57 기 1분기말,5609891000000,제 56 기말,5510455000000,57,KRW,,,,
20250515001922,11013,2025,00126380,IS,손익계산서,dart_OperatingIncomeLoss,영업이익,-,제 57 기 1분기,6685272000000,,,6,KRW,6685272000000,제 56 기 1분기,6606009000000,6606009000000
20250515001922,11013,2025,00126380,IS,손익계산서,dart_OtherGains,기타수익,-,제 57 기 1분기,1106305000000,,,7,KRW,1106305000000,제 56 기 1분기,445281000000,445281000000
20250515001922,11013,2025,00126380,IS,손익계산서,dart_OtherLosses,기타비용,-,제 57 기 1분기,241413000000,,,8,KRW,241413000000,제 56 기 1분기,381393000000,381393000000
20250515001922,11013,2025,00126380,IS,손익계산서,dart_TotalSellingGeneralAdministrativeExpenses,판매비와관리비,-,제 57 기 1분기,21445300000000,,,9,KRW,21445300000000,제 56 기 1분기,19423260000000,19423260000000
20250515001922,11013,2025,00126380,IS,손익계산서,ifrs-full_CostOfSales,매출원가,-,제 57 기 1분기,51009931000000,,,10,KRW,51009931000000,제 56 기 1분기,45886332000000,45886332000000
20250515001922,11013,2025,00126380,IS,손익계산서,ifrs-full_BasicEarningsLossPerShare,기본주당이익(손실),-,제 57 기 1분기,1192,,,12,KRW,1192,제 56 기 1분기,975,975
20250515001922,11013,2025,00126380,IS,손익계산서,ifrs-full_DilutedEarningsLossPerShare,희석주당이익(손실),-,제 57 기 1분기,1192,,,13,KRW,1192,제 56 기 1분기,975,975
20250515001922,11013,2025,00126380,IS,손익계산서,ifrs-full_FinanceCosts,금융비용,-,제 57 기 1분기,2488325000000,,,14,KRW,2488325000000,제 56 기 1분기,2662511000000,2662511000000
20250515001922,11013,2025,00126380,IS,손익계산서,ifrs-full_FinanceIncome,금융수익,-,제 57 기 1분기,3970884000000,,,15,KRW,3970884000000,제 56 기 1분기,3484504000000,3484504000000
20250515001922,11013,2025,00126380,IS,손익계산서,ifrs-full_GrossProfit,매출총이익,-,제 57 기 1분기,28130572000000,,,16,KRW,28130572000000,제 56 기 1분기,26029269000000,26029269000000
20250515001922,11013,2025,00126380,IS,손익계산서,ifrs-full_IncomeTaxExpenseContinuingOperations,법인세비용,-,제 57 기 1분기,928698000000,,,17,KRW,928698000000,제 56 기 1분기,952015000000,952015000000
20250515001922,11013,2025,00126380,IS,손익계산서,ifrs-full_ProfitLoss,분기순이익,-,제 57 기 1분기,8222878000000,,,18,KRW,8222878000000,제 56 기 1분기,6754708000000,6754708000000
20250515001922,11013,2025,00126380,IS,손익계산서,ifrs-full_ProfitLossAttributableToNoncontrollingInterests,비지배지분,-,제 57 기 1분기,194471000000,,,20,KRW,194471000000,제 56 기 1분기,133678000000,133678000000
20250515001922,11013,2025,00126380,IS,손익계산서,ifrs-full_ProfitLossAttributableToOwnersOfParent,분기순이익,-,제 57 기 1분기,8028407000000,,,21,KRW,8028407000000,제 56 기 1분기,6621030000000,6621030000000
20250515001922,11013,2025,00126380,IS,손익계산서,ifrs-full_ProfitLossBeforeTax,법인세비용차감전순이익,-,제 57 기 1분기,9151576000000,,,22,KRW,9151576000000,제 56 기 1분기,7706723000000,7706723000000
20250515001922,11013,2025,00126380,IS,손익계산서,ifrs-full_Revenue,매출액,-,제 57 기 1분기,79140503000000,,,23,KRW,79140503000000,제 56 기 1분기,71915601000000,71915601000000
20250515001922,11013,2025,00126380,IS,손익계산서,ifrs-full_ShareOfProfitLossOfAssociatesAndJointVenturesAccountedForUsingEquityMethod,지분법이익,-,제 57 기 1분기,118853000000,,,24,KRW,118853000000,제 56 기 1분기,214833000000,214833000000
20250515001922,11013,2025,00126380,CIS,포괄손익계산서,ifrs-full_ComprehensiveIncome,총포괄손익,-,제 57 기 1분기,9435916000000,,,6,KRW,9435916000000,제 56 기 1분기,11749660000000,11749660000000
20250515001922,11013,2025,00126380,CIS,포괄손익계산서,ifrs-full_ComprehensiveIncomeAttributableToNoncontrollingInterests,비지배지분,-,제 57 기 1분기,123593000000,,,8,KRW,123593000000,제 56 기 1분기,215389000000,215389000000
20250515001922,11013,2025,00126380,CIS,포괄손익계산서,ifrs-full_ComprehensiveIncomeAttributableToOwnersOfParent,지배기업 소유주지분,-,제 57 기 1분기,9312323000000,,,9,KRW,9312323000000,제 56 기 1분기,11534271000000,11534271000000
20250515001922,11013,2025,00126380,CIS,포괄손익계산서,ifrs-full_OtherComprehensiveIncome,기타포괄손익,-,제 57 기 1분기,1213038000000,,,10,KRW,1213038000000,제 56 기 1분기,4994952000000,4994952000000
20250515001922,11013,2025,00126380,CIS,포괄손익계산서,ifrs-full_OtherComprehensiveIncomeThatWillBeReclassifiedToProfitOrLossNetOfTax,후속적으로 당기손익으로 재분류되는 포괄손익,-,제 57 기 1분기,1292984000000,,,11,KRW,1292984000000,제 56 기 1분기,4578534000000,4578534000000
20250515001922,11013,2025,00126380,CIS,포괄손익계산서,ifrs-full_GainsLossesOnCashFlowHedgesNetOfTax,현금흐름위험회피파생상품평가손익,-,제 57 기 1분기,-2703000000,,,12,KRW,-2703000000,제 56 기 1분기,10927000000,10927000000
20250515001922,11013,2025,00126380,CIS,포괄손익계산서,ifrs-full_GainsLossesOnExchangeDifferencesOnTranslationNetOfTax,해외사업장환산외환차이,-,제 57 기 1분기,1265204000000,,,13,KRW,1265204000000,제 56 기 1분기,4514980000000,4514980000000
20250515001922,11013,2025,00126380,CIS,포괄손익계산서,ifrs-full_ShareOfOtherComprehensiveIncomeOfAssociatesAndJointVenturesAccountedForUsingEquityMethodThatWillBeReclassifiedToProfitOrLossNetOfTax,관계기업 및 공동기업의 기타포괄손익에 대한 지분,-,제 57 기 1분기,30483000000,,,14,KRW,30483000000,제 56 기 1분기,52627000000,52627000000
20250515001922,11013,2025,00126380,CIS,포괄손익계산서,ifrs-full_OtherComprehensiveIncomeThatWillNotBeReclassifiedToProfitOrLossNetOfTax,후속적으로 당기손익으로 재분류되지 않는 포괄손익,-,제 57 기 1분기,-79946000000,,,15,KRW,-79946000000,제 56 기 1분기,416418000000,416418000000
20250515001922,11013,2025,00126380,CIS,포괄손익계산서,ifrs-full_OtherComprehensiveIncomeNetOfTaxGainsLossesFromInvestmentsInEquityInstruments,기타포괄손익-공정가치금융자산평가손익,-,제 57 기 1분기,-73550000000,,,16,KRW,-73550000000,제 56 기 1분기,511479000000,511479000000
20250515001922,11013,2025,00126380,CIS,포괄손익계산서,ifrs-full_OtherComprehensiveIncomeNetOfTaxGainsLossesOnRemeasurementsOfDefinedBenefitPlans,순확정급여부채(자산) 재측정요소,-,제 57 기 1분기,-31780000000,,,17,KRW,-31780000000,제 56 기 1분기,-82243000000,-82243000000
20250515001922,11013,2025,00126380,CIS,포괄손익계산서,ifrs-full_ShareOfOtherComprehensiveIncomeOfAssociatesAndJointVenturesAccountedForUsingEquityMethodThatWillNotBeReclassifiedToProfitOrLossNetOfTax,관계기업 및 공동기업의 기타포괄손익에 대한 지분,-,제 57 기 1분기,25384000000,,,18,KRW,25384000000,제 56 기 1분기,-12818000000,-12818000000
20250515001922,11013,2025,00126380,CIS,포괄손익계산서,ifrs-full_ProfitLoss,분기순이익,-,제 57 기 1분기,8222878000000,,,19,KRW,8222878000000,제 56 기 1분기,6754708000000,6754708000000
20250515001922,11013,2025,00126380,CF,현금흐름표,dart_CashAndCashEquivalentsAtBeginningOfPeriodCf,기초현금및현금성자산,-,제 57 기 1분기,53705579000000,,,2,KRW,,제 56 기 1분기,69080893000000,
20250515001922,11013,2025,00126380,CF,현금흐름표,dart_CashAndCashEquivalentsAtEndOfPeriodCf,분기말의 현금및현금성자산,-,제 57 기 1분기,53161004000000,,,3,KRW,,제 56 기 1분기,61906097000000,
20250515001922,11013,2025,00126380,CF,현금흐름표,ifrs-full_CashFlowsFromUsedInFinancingActivities,재무활동현금흐름,-,제 57 기 1분기,-11341720000000,,,8,KRW,,제 56 기 1분기,1261662000000,
20250515001922,11013,2025,00126380,CF,현금흐름표,dart_AcquisitionOfTreasuryShares,자기주식의 취득,-,제 57 기 1분기,2955851000000,,,9,KRW,,제 56 기 1분기,0,
20250515001922,11013,2025,00126380,CF,현금흐름표,dart_ProceedsFromLongTermBorrowings,장기차입금의 차입,-,제 57 기 1분기,1559000000,,,10,KRW,,제 56 기 1분기,118450000000,
20250515001922,11013,2025,00126380,CF,현금흐름표,-표준계정코드 미사용-,비지배지분의 증감,-,제 57 기 1분기,-379000000,,,11,KRW,,제 56 기 1분기,15000000,
20250515001922,11013,2025,00126380,CF,현금흐름표,-표준계정코드 미사용-,사채 및 장기차입금의 상환,-,제 57 기 1분기,452816000000,,,12,KRW,,제 56 기 1분기,295008000000,
20250515001922,11013,2025,00126380,CF,현금흐름표,ifrs-full_CashFlowsFromUsedInIncreaseDecreaseInCurrentBorrowings,단기차입금의 순증가(감소),-,제 57 기 1분기,-7856026000000,,,13,KRW,,제 56 기 1분기,2451071000000,
20250515001922,11013,2025,00126380,CF,현금흐름표,ifrs-full_DividendsPaidClassifiedAsFinancingActivities,배당금의지급,-,제 57 기 1분기,78965000000,,,14,KRW,,제 56 기 1분기,1012836000000,
20250515001922,11013,2025,00126380,CF,현금흐름표,ifrs-full_CashFlowsFromUsedInInvestingActivities,투자활동현금흐름,-,제 57 기 1분기,-6431187000000,,,15,KRW,,제 56 기 1분기,-22010751000000,
20250515001922,11013,2025,00126380,CF,현금흐름표,dart_ProceedsFromSalesOfFairValueFinancialAsset,당기손익-공정가치금융자산의 처분,-,제 57 기 1분기,8053000000,,,16,KRW,,제 56 기 1분기,92282000000,
20250515001922,11013,2025,00126380,CF,현금흐름표,dart_ProceedsFromSalesOfFinancialAssetsAtFairValueThroughOtherComprehensiveIncome,기타포괄손익-공정가치금융자산의 처분,-,제 57 기 1분기,203065000000,,,17,KRW,,제 56 기 1분기,53306000000,
20250515001922,11013,2025,00126380,CF,현금흐름표,dart_ProceedsFromSalesOfLongTermFinancialInstruments,장기금융상품의 처분,-,제 57 기 1분기,470135000000,,,18,KRW,,제 56 기 1분기,4100008000000,
20250515001922,11013,2025,00126380,CF,현금흐름표,dart_ProceedsFromSalesOfNonCurrentAssetsOrDisposalGroupsClassifiedAsHeldForSale,매각예정분류자산의 처분으로 인한 현금유입액,-,제 57 기 1분기,0,,,19,KRW,,제 56 기 1분기,101563000000,
20250515001922,11013,2025,00126380,CF,현금흐름표,dart_PurchaseOfFairValueFinancialAsset,당기손익-공정가치금융자산의 취득,-,제 57 기 1분기,10362000000,,,20,KRW,,제 56 기 1분기,5924000000,
20250515001922,11013,2025,00126380,CF,현금흐름표,dart_PurchaseOfFinancialAssetsAtFairValueThroughOtherComprehensiveIncome,기타포괄손익-공정가치금융자산의 취득,-,제 57 기 1분기,13281000000,,,21,KRW,,제 56 기 1분기,24070000000,
20250515001922,11013,2025,00126380,CF,현금흐름표,dart_PurchaseOfLongTermFinancialInstruments,장기금융상품의 취득,-,제 57 기 1분기,601024000000,,,22,KRW,,제 56 기 1분기,129053000000,
20250515001922,11013,2025,00126380,CF,현금흐름표,-표준계정코드 미사용-,단기상각후원가금융자산의 순감소(증가),-,제 57 기 1분기,0,,,23,KRW,,제 56 기 1분기,620858000000,
20250515001922,11013,2025,00126380,CF,현금흐름표,-표준계정코드 미사용-,단기당기손익-공정가치금융자산의 순감소(증가),-,제 57 기 1분기,7357000000,,,24,KRW,,제 56 기 1분기,-1020000000,
20250515001922,11013,2025,00126380,CF,현금흐름표,-표준계정코드 미사용-,단기금융상품의 순감소(증가),-,제 57 기 1분기,7129878000000,,,25,KRW,,제 56 기 1분기,-12174719000000,
20250515001922,11013,2025,00126380,CF,현금흐름표,ifrs-full_CashFlowsUsedInObtainingControlOfSubsidiariesOrOtherBusinessesClassifiedAsInvestingActivities,사업결합으로 인한 순현금유출액,-,제 57 기 1분기,214033000000,,,26,KRW,,제 56 기 1분기,0,
20250515001922,11013,2025,00126380,CF,현금흐름표,ifrs-full_OtherInflowsOutflowsOfCashClassifiedAsInvestingActivities,기타투자활동으로 인한 현금유출입액,-,제 57 기 1분기,-55202000000,,,27,KRW,,제 56 기 1분기,-99498000000,
20250515001922,11013,2025,00126380,CF,현금흐름표,ifrs-full_ProceedsFromSalesOfIntangibleAssetsClassifiedAsInvestingActivities,무형자산의 처분,-,제 57 기 1분기,10228000000,,,28,KRW,,제 56 기 1분기,340000000,
20250515001922,11013,2025,00126380,CF,현금흐름표,ifrs-full_ProceedsFromSalesOfInvestmentsAccountedForUsingEquityMethod,관계기업 및 공동기업 투자의 처분,-,제 57 기 1분기,2081000000,,,29,KRW,,제 56 기 1분기,11731000000,
20250515001922,11013,2025,00126380,CF,현금흐름표,ifrs-full_ProceedsFromSalesOfPropertyPlantAndEquipmentClassifiedAsInvestingActivities,유형자산의 처분,-,제 57 기 1분기,31361000000,,,30,KRW,,제 56 기 1분기,14964000000,
20250515001922,11013,2025,00126380,CF,현금흐름표,ifrs-full_PurchaseOfIntangibleAssetsClassifiedAsInvestingActivities,무형자산의 취득,-,제 57 기 1분기,1257544000000,,,31,KRW,,제 56 기 1분기,1143551000000,
20250515001922,11013,2025,00126380,CF,현금흐름표,ifrs-full_PurchaseOfInterestsInInvestmentsAccountedForUsingEquityMethod,관계기업 및 공동기업 투자의 취득,-,제 57 기 1분기,13965000000,,,32,KRW,,제 56 기 1분기,6342000000,
20250515001922,11013,2025,00126380,CF,현금흐름표,ifrs-full_PurchaseOfPropertyPlantAndEquipmentClassifiedAsInvestingActivities,유형자산의 취득,-,제 57 기 1분기,12127934000000,,,33,KRW,,제 56 기 1분기,13421626000000,
20250515001922,11013,2025,00126380,CF,현금흐름표,ifrs-full_CashFlowsFromUsedInOperatingActivities,영업활동현금흐름,-,제 57 기 1분기,16580866000000,,,34,KRW,,제 56 기 1분기,11866306000000,
20250515001922,11013,2025,00126380,CF,현금흐름표,ifrs-full_CashFlowsFromUsedInOperations,영업에서 창출된 현금흐름,-,제 57 기 1분기,16540788000000,,,35,KRW,,제 56 기 1분기,12106438000000,
20250515001922,11013,2025,00126380,CF,현금흐름표,dart_AdjustmentsForAssetsLiabilitiesOfOperatingActivities,영업활동으로 인한 자산부채의 변동,-,제 57 기 1분기,-3639774000000,,,36,KRW,,제 56 기 1분기,-3395289000000,
20250515001922,11013,2025,00126380,CF,현금흐름표,ifrs-full_AdjustmentsForReconcileProfitLoss,조정,-,제 57 기 1분기,11957684000000,,,37,KRW,,제 56 기 1분기,8747019000000,
20250515001922,11013,2025,00126380,CF,현금흐름표,ifrs-full_ProfitLoss,분기순이익,-,제 57 기 1분기,8222878000000,,,38,KRW,,제 56 기 1분기,6754708000000,
20250515001922,11013,2025,00126380,CF,현금흐름표,ifrs-full_DividendsReceivedClassifiedAsOperatingActivities,배당금 수입,-,제 57 기 1분기,4523000000,,,39,KRW,,제 56 기 1분기,35935000000,
20250515001922,11013,2025,00126380,CF,현금흐름표,ifrs-full_IncomeTaxesPaidRefundClassifiedAsOperatingActivities,법인세 납부액,-,제 57 기 1분기,1431846000000,,,40,KRW,,제 56 기 1분기,1210388000000,
20250515001922,11013,2025,00126380,CF,현금흐름표,ifrs-full_InterestPaidClassifiedAsOperatingActivities,이자의 지급,-,제 57 기 1분기,112541000000,,,41,KRW,,제 56 기 1분기,164248000000,
20250515001922,11013,2025,00126380,CF,현금흐름표,ifrs-full_InterestReceivedClassifiedAsOperatingActivities,이자의 수취,-,제 57 기 1분기,1579942000000,,,42,KRW,,제 56 기 1분기,1098569000000,
20250515001922,11013,2025,00126380,CF,현금흐름표,ifrs-full_EffectOfExchangeRateChangesOnCashAndCashEquivalents,외화환산으로 인한 현금의 변동,-,제 57 기 1분기,647466000000,,,43,KRW,,제 56 기 1분기,1707987000000,
20250515001922,11013,2025,00126380,CF,현금흐름표,ifrs-full_IncreaseDecreaseInCashAndCashEquivalents,현금및현금성자산의 증가(감소),-,제 57 기 1분기,-544575000000,,,44,KRW,,제 56 기 1분기,-7174796000000,
20250515001922,11013,2025,00126380,SCE,자본변동표,dart_ChangesInConsolidatedCompanies,연결실체의 변동,자본 [구성요소]|지배기업의 소유주에게 귀속되는 지분 [구성요소]|자본금 [구성요소],제 57 기 1분기,0,,,3,KRW,,제 56 기 1분기,,
20250515001922,11013,2025,00126380,SCE,자본변동표,dart_ChangesInConsolidatedCompanies,연결실체의 변동,자본 [구성요소]|지배기업의 소유주에게 귀속되는 지분 [구성요소]|이익잉여금 [구성요소],제 57 기 1분기,0,,,3,KRW,,제 56 기 1분기,,
20250515001922,11013,2025,00126380,SCE,자본변동표,dart_ChangesInConsolidatedCompanies,연결실체의 변동,자본 [구성요소]|지배기업의 소유주에게 귀속되는 지분 [구성요소]|기타자본구성요소 [구성요소],제 57 기 1분기,0,,,3,KRW,,제 56 기 1분기,,
20250515001922,11013,2025,00126380,SCE,자본변동표,dart_ChangesInConsolidatedCompanies,연결실체의 변동,연결재무제표 [member],제 57 기 1분기,204003000000,,,3,KRW,,제 56 기 1분기,,
20250515001922,11013,2025,00126380,SCE,자본변동표,dart_ChangesInConsolidatedCompanies,연결실체의 변동,자본 [구성요소]|비지배지분 [구성요소],제 57 기 1분기,204003000000,,,3,KRW,,제 56 기 1분기,,
20250515001922,11013,2025,00126380,SCE,자본변동표,dart_ChangesInConsolidatedCompanies,연결실체의 변동,자본 [구성요소]|지배기업의 소유주에게 귀속되는 지분 [구성요소],제 57 기 1분기,0,,,3,KRW,,제 56 기 1분기,,
20250515001922,11013,2025,00126380,SCE,자본변동표,dart_ChangesInConsolidatedCompanies,연결실체의 변동,자본 [구성요소]|지배기업의 소유주에게 귀속되는 지분 [구성요소]|주식발행초과금 [구성요소],제 57 기 1분기,0,,,3,KRW,,제 56 기 1분기,,
20250515001922,11013,2025,00126380,SCE,자본변동표,dart_EquityAtBeginningOfPeriod,기초자본,자본 [구성요소]|지배기업의 소유주에게 귀속되는 지분 [구성요소]|자본금 [구성요소],제 57 기 1분기,897514000000,,,4,KRW,,제 56 기 1분기,897514000000,
20250515001922,11013,2025,00126380,SCE,자본변동표,dart_EquityAtBeginningOfPeriod,기초자본,자본 [구성요소]|지배기업의 소유주에게 귀속되는 지분 [구성요소]|이익잉여금 [구성요소],제 57 기 1분기,370513188000000,,,4,KRW,,제 56 기 1분기,346652238000000,
20250515001922,11013,2025,00126380,SCE,자본변동표,dart_EquityAtBeginningOfPeriod,기초자본,자본 [구성요소]|지배기업의 소유주에게 귀속되는 지분 [구성요소]|기타자본구성요소 [구성요소],제 57 기 1분기,15873008000000,,,4,KRW,,제 56 기 1분기,1280130000000,
20250515001922,11013,2025,00126380,SCE,자본변동표,dart_EquityAtBeginningOfPeriod,기초자본,자본 [구성요소]|지배기업의 소유주에게 귀속되는 지분 [구성요소],제 57 기 1분기,391687603000000,,,4,KRW,,제 56 기 1분기,353233775000000,
20250515001922,11013,2025,00126380,SCE,자본변동표,dart_EquityAtBeginningOfPeriod,기초자본,자본 [구성요소]|비지배지분 [구성요소],제 57 기 1분기,10504467000000,,,4,KRW,,제 56 기 1분기,10444090000000,
20250515001922,11013,2025,00126380,SCE,자본변동표,dart_EquityAtBeginningOfPeriod,기초자본,연결재무제표 [member],제 57 기 1분기,402192070000000,,,4,KRW,,제 56 기 1분기,363677865000000,
20250515001922,11013,2025,00126380,SCE,자본변동표,dart_EquityAtBeginningOfPeriod,기초자본,자본 [구성요소]|지배기업의 소유주에게 귀속되는 지분 [구성요소]|주식발행초과금 [구성요소],제 57 기 1분기,4403893000000,,,4,KRW,,제 56 기 1분기,4403893000000,
20250515001922,11013,2025,00126380,SCE,자본변동표,dart_IntercompanyAcquisition,연결실체내 자본거래 등,연결재무제표 [member],제 57 기 1분기,379000000,,,5,KRW,,제 56 기 1분기,-15000000,
20250515001922,11013,2025,00126380,SCE,자본변동표,dart_IntercompanyAcquisition,연결실체내 자본거래 등,자본 [구성요소]|비지배지분 [구성요소],제 57 기 1분기,379000000,,,5,KRW,,제 56 기 1분기,-15000000,
20250515001922,11013,2025,00126380,SCE,자본변동표,dart_IntercompanyAcquisition,연결실체내 자본거래 등,자본 [구성요소]|지배기업의 소유주에게 귀속되는 지분 [구성요소],제 57 기 1분기,0,,,5,KRW,,제 56 기 1분기,0,
20250515001922,11013,2025,00126380,SCE,자본변동표,dart_IntercompanyAcquisition,연결실체내 자본거래 등,자본 [구성요소]|지배기업의 소유주에게 귀속되는 지분 [구성요소]|기타자본구성요소 [구성요소],제 57 기 1분기,0,,,5,KRW,,제 56 기 1분기,0,
20250515001922,11013,2025,00126380,SCE,자본변동표,dart_IntercompanyAcquisition,연결실체내 자본거래 등,자본 [구성요소]|지배기업의 소유주에게 귀속되는 지분 [구성요소]|이익잉여금 [구성요소],제 57 기 1분기,0,,,5,KRW,,제 56 기 1분기,0,
20250515001922,11013,2025,00126380,SCE,자본변동표,dart_IntercompanyAcquisition,연결실체내 자본거래 등,자본 [구성요소]|지배기업의 소유주에게 귀속되는 지분 [구성요소]|자본금 [구성요소],제 57 기 1분기,0,,,5,KRW,,제 56 기 1분기,0,
20250515001922,11013,2025,00126380,SCE,자본변동표,dart_IntercompanyAcquisition,연결실체내 자본거래 등,자본 [구성요소]|지배기업의 소유주에게 귀속되는 지분 [구성요소]|주식발행초과금 [구성요소],제 57 기 1분기,0,,,5,KRW,,제 56 기 1분기,0,
20250515001922,11013,2025,00126380,SCE,자본변동표,ifrs-full_CancellationOfTreasuryShares,자기주식 소각,연결재무제표 [member],제 57 기 1분기,0,,,6,KRW,,제 56 기 1분기,,
20250515001922,11013,2025,00126380,SCE,자본변동표,ifrs-full_CancellationOfTreasuryShares,자기주식 소각,자본 [구성요소]|비지배지분 [구성요소],제 57 기 1분기,0,,,6,KRW,,제 56 기 1분기,,
20250515001922,11013,2025,00126380,SCE,자본변동표,ifrs-full_CancellationOfTreasuryShares,자기주식 소각,자본 [구성요소]|지배기업의 소유주에게 귀속되는 지분 [구성요소],제 57 기 1분기,0,,,6,KRW,,제 56 기 1분기,,
20250515001922,11013,2025,00126380,SCE,자본변동표,ifrs-full_CancellationOfTreasuryShares,자기주식 소각,자본 [구성요소]|지배기업의 소유주에게 귀속되는 지분 [구성요소]|기타자본구성요소 [구성요소],제 57 기 1분기,3049040000000,,,6,KRW,,제 56 기 1분기,,
20250515001922,11013,2025,00126380,SCE,자본변동표,ifrs-full_CancellationOfTreasuryShares,자기주식 소각,자본 [구성요소]|지배기업의 소유주에게 귀속되는 지분 [구성요소]|이익잉여금 [구성요소],제 57 기 1분기,-3049040000000,,,6,KRW,,제 56 기 1분기,,
20250515001922,11013,2025,00126380,SCE,자본변동표,ifrs-full_CancellationOfTreasuryShares,자기주식 소각,자본 [구성요소]|지배기업의 소유주에게 귀속되는 지분 [구성요소]|자본금 [구성요소],제 57 기 1분기,0,,,6,KRW,,제 56 기 1분기,,
20250515001922,11013,2025,00126380,SCE,자본변동표,ifrs-full_CancellationOfTreasuryShares,자기주식 소각,자본 [구성요소]|지배기업의 소유주에게 귀속되는 지분 [구성요소]|주식발행초과금 [구성요소],제 57 기 1분기,0,,,6,KRW,,제 56 기 1분기,,
20250515001922,11013,2025,00126380,SCE,자본변동표,ifrs-full_DividendsPaid,배당,자본 [구성요소]|지배기업의 소유주에게 귀속되는 지분 [구성요소],제 57 기 1분기,2454307000000,,,7,KRW,,제 56 기 1분기,2452977000000,
20250515001922,11013,2025,00126380,SCE,자본변동표,ifrs-full_DividendsPaid,배당,자본 [구성요소]|비지배지분 [구성요소],제 57 기 1분기,79267000000,,,7,KRW,,제 56 기 1분기,1026368000000,
20250515001922,11013,2025,00126380,SCE,자본변동표,ifrs-full_DividendsPaid,배당,연결재무제표 [member],제 57 기 1분기,2533574000000,,,7,KRW,,제 56 기 1분기,3479345000000,
20250515001922,11013,2025,00126380,SCE,자본변동표,ifrs-full_DividendsPaid,배당,자본 [구성요소]|지배기업의 소유주에게 귀속되는 지분 [구성요소]|기타자본구성요소 [구성요소],제 57 기 1분기,0,,,7,KRW,,제 56 기 1분기,0,
20250515001922,11013,2025,00126380,SCE,자본변동표,ifrs-full_DividendsPaid,배당,자본 [구성요소]|지배기업의 소유주에게 귀속되는 지분 [구성요소]|주식발행초과금 [구성요소],제 57 기 1분기,0,,,7,KRW,,제 56 기 1분기,0,
20250515001922,11013,2025,00126380,SCE,자본변동표,ifrs-full_DividendsPaid,배당,자본 [구성요소]|지배기업의 소유주에게 귀속되는 지분 [구성요소]|자본금 [구성요소],제 57 기 1분기,0,,,7,KRW,,제 56 기 1분기,0,
20250515001922,11013,2025,00126380,SCE,자본변동표,ifrs-full_DividendsPaid,배당,자본 [구성요소]|지배기업의 소유주에게 귀속되는 지분 [구성요소]|이익잉여금 [구성요소],제 57 기 1분기,2454307000000,,,7,KRW,,제 56 기 1분기,2452977000000,
20250515001922,11013,2025,00126380,SCE,자본변동표,ifrs-full_Equity,자본총계,자본 [구성요소]|지배기업의 소유주에게 귀속되는 지분 [구성요소]|자본금 [구성요소],제 57 기 1분기,897514000000,,,8,KRW,,제 56 기 1분기,897514000000,
20250515001922,11013,2025,00126380,SCE,자본변동표,ifrs-full_Equity,자본총계,자본 [구성요소]|지배기업의 소유주에게 귀속되는 지분 [구성요소]|이익잉여금 [구성요소],제 57 기 1분기,373062171000000,,,8,KRW,,제 56 기 1분기,350847854000000,
20250515001922,11013,2025,00126380,SCE,자본변동표,ifrs-full_Equity,자본총계,자본 [구성요소]|지배기업의 소유주에게 귀속되는 지분 [구성요소]|기타자본구성요소 [구성요소],제 57 기 1분기,17497516000000,,,8,KRW,,제 56 기 1분기,6165808000000,
20250515001922,11013,2025,00126380,SCE,자본변동표,ifrs-full_Equity,자본총계,자본 [구성요소]|지배기업의 소유주에게 귀속되는 지분 [구성요소],제 57 기 1분기,395861094000000,,,8,KRW,,제 56 기 1분기,362315069000000,
20250515001922,11013,2025,00126380,SCE,자본변동표,ifrs-full_Equity,자본총계,자본 [구성요소]|비지배지분 [구성요소],제 57 기 1분기,10753175000000,,,8,KRW,,제 56 기 1분기,9601055000000,
20250515001922,11013,2025,00126380,SCE,자본변동표,ifrs-full_Equity,자본총계,연결재무제표 [member],제 57 기 1분기,406614269000000,,402192070000000,8,KRW,,제 56 기 1분기,371916124000000,
20250515001922,11013,2025,00126380,SCE,자본변동표,ifrs-full_Equity,자본총계,자본 [구성요소]|지배기업의 소유주에게 귀속되는 지분 [구성요소]|주식발행초과금 [구성요소],제 57 기 1분기,4403893000000,,,8,KRW,,제 56 기 1분기,4403893000000,
20250515001922,11013,2025,00126380,SCE,자본변동표,ifrs-full_GainsLossesOnCashFlowHedgesNetOfTax,현금흐름위험회피파생상품평가손익,자본 [구성요소]|지배기업의 소유주에게 귀속되는 지분 [구성요소]|자본금 [구성요소],제 57 기 1분기,0,,,9,KRW,,제 56 기 1분기,0,
20250515001922,11013,2025,00126380,SCE,자본변동표,ifrs-full_GainsLossesOnCashFlowHedgesNetOfTax,현금흐름위험회피파생상품평가손익,자본 [구성요소]|지배기업의 소유주에게 귀속되는 지분 [구성요소]|이익잉여금 [구성요소],제 57 기 1분기,0,,,9,KRW,,제 56 기 1분기,0,
20250515001922,11013,2025,00126380,SCE,자본변동표,ifrs-full_GainsLossesOnCashFlowHedgesNetOfTax,현금흐름위험회피파생상품평가손익,자본 [구성요소]|지배기업의 소유주에게 귀속되는 지분 [구성요소]|기타자본구성요소 [구성요소],제 57 기 1분기,-2703000000,,,9,KRW,,제 56 기 1분기,10927000000,
20250515001922,11013,2025,00126380,SCE,자본변동표,ifrs-full_GainsLossesOnCashFlowHedgesNetOfTax,현금흐름위험회피파생상품평가손익,자본 [구성요소]|지배기업의 소유주에게 귀속되는 지분 [구성요소],제 57 기 1분기,-2703000000,,,9,KRW,,제 56 기 1분기,10927000000,
20250515001922,11013,2025,00126380,SCE,자본변동표,ifrs-full_GainsLossesOnCashFlowHedgesNetOfTax,현금흐름위험회피파생상품평가손익,자본 [구성요소]|비지배지분 [구성요소],제 57 기 1분기,0,,,9,KRW,,제 56 기 1분기,0,
20250515001922,11013,2025,00126380,SCE,자본변동표,ifrs-full_GainsLossesOnCashFlowHedgesNetOfTax,현금흐름위험회피파생상품평가손익,연결재무제표 [member],제 57 기 1분기,-2703000000,,,9,KRW,,제 56 기 1분기,10927000000,
20250515001922,11013,2025,00126380,SCE,자본변동표,ifrs-full_GainsLossesOnCashFlowHedgesNetOfTax,현금흐름위험회피파생상품평가손익,자본 [구성요소]|지배기업의 소유주에게 귀속되는 지분 [구성요소]|주식발행초과금 [구성요소],제 57 기 1분기,0,,,9,KRW,,제 56 기 1분기,0,
20250515001922,11013,2025,00126380,SCE,자본변동표,ifrs-full_GainsLossesOnExchangeDifferencesOnTranslationNetOfTax,해외사업장환산외환차이,연결재무제표 [member],제 57 기 1분기,1265204000000,,,10,KRW,,제 56 기 1분기,4514980000000,
20250515001922,11013,2025,00126380,SCE,자본변동표,ifrs-full_GainsLossesOnExchangeDifferencesOnTranslationNetOfTax,해외사업장환산외환차이,자본 [구성요소]|비지배지분 [구성요소],제 57 기 1분기,-32610000000,,,10,KRW,,제 56 기 1분기,41177000000,
20250515001922,11013,2025,00126380,SCE,자본변동표,ifrs-full_GainsLossesOnExchangeDifferencesOnTranslationNetOfTax,해외사업장환산외환차이,자본 [구성요소]|지배기업의 소유주에게 귀속되는 지분 [구성요소],제 57 기 1분기,1297814000000,,,10,KRW,,제 56 기 1분기,4473803000000,
20250515001922,11013,2025,00126380,SCE,자본변동표,ifrs-full_GainsLossesOnExchangeDifferencesOnTranslationNetOfTax,해외사업장환산외환차이,자본 [구성요소]|지배기업의 소유주에게 귀속되는 지분 [구성요소]|기타자본구성요소 [구성요소],제 57 기 1분기,1297814000000,,,10,KRW,,제 56 기 1분기,4473803000000,
20250515001922,11013,2025,00126380,SCE,자본변동표,ifrs-full_GainsLossesOnExchangeDifferencesOnTranslationNetOfTax,해외사업장환산외환차이,자본 [구성요소]|지배기업의 소유주에게 귀속되는 지분 [구성요소]|이익잉여금 [구성요소],제 57 기 1분기,0,,,10,KRW,,제 56 기 1분기,0,
20250515001922,11013,2025,00126380,SCE,자본변동표,ifrs-full_GainsLossesOnExchangeDifferencesOnTranslationNetOfTax,해외사업장환산외환차이,자본 [구성요소]|지배기업의 소유주에게 귀속되는 지분 [구성요소]|자본금 [구성요소],제 57 기 1분기,0,,,10,KRW,,제 56 기 1분기,0,
20250515001922,11013,2025,00126380,SCE,자본변동표,ifrs-full_GainsLossesOnExchangeDifferencesOnTranslationNetOfTax,해외사업장환산외환차이,자본 [구성요소]|지배기업의 소유주에게 귀속되는 지분 [구성요소]|주식발행초과금 [구성요소],제 57 기 1분기,0,,,10,KRW,,제 56 기 1분기,0,
20250515001922,11013,2025,00126380,SCE,자본변동표,ifrs-full_IncreaseDecreaseThroughSharebasedPaymentTransactions,주식기준보상,연결재무제표 [member],제 57 기 1분기,271326000000,,,11,KRW,,제 56 기 1분기,,
20250515001922,11013,2025,00126380,SCE,자본변동표,ifrs-full_IncreaseDecreaseThroughSharebasedPaymentTransactions,주식기준보상,자본 [구성요소]|비지배지분 [구성요소],제 57 기 1분기,0,,,11,KRW,,제 56 기 1분기,,
20250515001922,11013,2025,00126380,SCE,자본변동표,ifrs-full_IncreaseDecreaseThroughSharebasedPaymentTransactions,주식기준보상,자본 [구성요소]|지배기업의 소유주에게 귀속되는 지분 [구성요소],제 57 기 1분기,271326000000,,,11,KRW,,제 56 기 1분기,,
20250515001922,11013,2025,00126380,SCE,자본변동표,ifrs-full_IncreaseDecreaseThroughSharebasedPaymentTransactions,주식기준보상,자본 [구성요소]|지배기업의 소유주에게 귀속되는 지분 [구성요소]|자본금 [구성요소],제 57 기 1분기,0,,,11,KRW,,제 56 기 1분기,,
20250515001922,11013,2025,00126380,SCE,자본변동표,ifrs-full_IncreaseDecreaseThroughSharebasedPaymentTransactions,주식기준보상,자본 [구성요소]|지배기업의 소유주에게 귀속되는 지분 [구성요소]|이익잉여금 [구성요소],제 57 기 1분기,0,,,11,KRW,,제 56 기 1분기,,
20250515001922,11013,2025,00126380,SCE,자본변동표,ifrs-full_IncreaseDecreaseThroughSharebasedPaymentTransactions,주식기준보상,자본 [구성요소]|지배기업의 소유주에게 귀속되는 지분 [구성요소]|기타자본구성요소 [구성요소],제 57 기 1분기,271326000000,,,11,KRW,,제 56 기 1분기,,
20250515001922,11013,2025,00126380,SCE,자본변동표,ifrs-full_IncreaseDecreaseThroughSharebasedPaymentTransactions,주식기준보상,자본 [구성요소]|지배기업의 소유주에게 귀속되는 지분 [구성요소]|주식발행초과금 [구성요소],제 57 기 1분기,0,,,11,KRW,,제 56 기 1분기,,
20250515001922,11013,2025,00126380,SCE,자본변동표,ifrs-full_IncreaseDecreaseThroughTransfersAndOtherChangesEquity,기타,자본 [구성요소]|비지배지분 [구성요소],제 57 기 1분기,,,,12,KRW,,제 56 기 1분기,-32041000000,
20250515001922,11013,2025,00126380,SCE,자본변동표,ifrs-full_IncreaseDecreaseThroughTransfersAndOtherChangesEquity,기타,자본 [구성요소]|지배기업의 소유주에게 귀속되는 지분 [구성요소],제 57 기 1분기,,,,12,KRW,,제 56 기 1분기,0,
20250515001922,11013,2025,00126380,SCE,자본변동표,ifrs-full_IncreaseDecreaseThroughTransfersAndOtherChangesEquity,기타,자본 [구성요소]|지배기업의 소유주에게 귀속되는 지분 [구성요소]|기타자본구성요소 [구성요소],제 57 기 1분기,,,,12,KRW,,제 56 기 1분기,0,
20250515001922,11013,2025,00126380,SCE,자본변동표,ifrs-full_IncreaseDecreaseThroughTransfersAndOtherChangesEquity,기타,자본 [구성요소]|지배기업의 소유주에게 귀속되는 지분 [구성요소]|이익잉여금 [구성요소],제 57 기 1분기,,,,12,KRW,,제 56 기 1분기,0,
20250515001922,11013,2025,00126380,SCE,자본변동표,ifrs-full_IncreaseDecreaseThroughTransfersAndOtherChangesEquity,기타,자본 [구성요소]|지배기업의 소유주에게 귀속되는 지분 [구성요소]|자본금 [구성요소],제 57 기 1분기,,,,12,KRW,,제 56 기 1분기,0,
20250515001922,11013,2025,00126380,SCE,자본변동표,ifrs-full_IncreaseDecreaseThroughTransfersAndOtherChangesEquity,기타,자본 [구성요소]|지배기업의 소유주에게 귀속되는 지분 [구성요소]|주식발행초과금 [구성요소],제 57 기 1분기,,,,12,KRW,,제 56 기 1분기,0,
20250515001922,11013,2025,00126380,SCE,자본변동표,ifrs-full_IncreaseDecreaseThroughTransfersAndOtherChangesEquity,기타,연결재무제표 [member],제 57 기 1분기,,,,12,KRW,,제 56 기 1분기,-32041000000,
20250515001922,11013,2025,00126380,SCE,자본변동표,ifrs-full_OtherComprehensiveIncomeNetOfTaxGainsLossesFromInvestmentsInEquityInstruments,기타포괄손익-공정가치금융자산평가손익,자본 [구성요소]|지배기업의 소유주에게 귀속되는 지분 [구성요소],제 57 기 1분기,-35663000000,,,13,KRW,,제 56 기 1분기,462776000000,
20250515001922,11013,2025,00126380,SCE,자본변동표,ifrs-full_OtherComprehensiveIncomeNetOfTaxGainsLossesFromInvestmentsInEquityInstruments,기타포괄손익-공정가치금융자산평가손익,자본 [구성요소]|비지배지분 [구성요소],제 57 기 1분기,-37887000000,,,13,KRW,,제 56 기 1분기,48703000000,
20250515001922,11013,2025,00126380,SCE,자본변동표,ifrs-full_OtherComprehensiveIncomeNetOfTaxGainsLossesFromInvestmentsInEquityInstruments,기타포괄손익-공정가치금융자산평가손익,연결재무제표 [member],제 57 기 1분기,-73550000000,,,13,KRW,,제 56 기 1분기,511479000000,
20250515001922,11013,2025,00126380,SCE,자본변동표,ifrs-full_OtherComprehensiveIncomeNetOfTaxGainsLossesFromInvestmentsInEquityInstruments,기타포괄손익-공정가치금융자산평가손익,자본 [구성요소]|지배기업의 소유주에게 귀속되는 지분 [구성요소]|기타자본구성요소 [구성요소],제 57 기 1분기,-59586000000,,,13,KRW,,제 56 기 1분기,435213000000,
20250515001922,11013,2025,00126380,SCE,자본변동표,ifrs-full_OtherComprehensiveIncomeNetOfTaxGainsLossesFromInvestmentsInEquityInstruments,기타포괄손익-공정가치금융자산평가손익,자본 [구성요소]|지배기업의 소유주에게 귀속되는 지분 [구성요소]|이익잉여금 [구성요소],제 57 기 1분기,23923000000,,,13,KRW,,제 56 기 1분기,27563000000,
20250515001922,11013,2025,00126380,SCE,자본변동표,ifrs-full_OtherComprehensiveIncomeNetOfTaxGainsLossesFromInvestmentsInEquityInstruments,기타포괄손익-공정가치금융자산평가손익,자본 [구성요소]|지배기업의 소유주에게 귀속되는 지분 [구성요소]|자본금 [구성요소],제 57 기 1분기,0,,,13,KRW,,제 56 기 1분기,0,
20250515001922,11013,2025,00126380,SCE,자본변동표,ifrs-full_OtherComprehensiveIncomeNetOfTaxGainsLossesFromInvestmentsInEquityInstruments,기타포괄손익-공정가치금융자산평가손익,자본 [구성요소]|지배기업의 소유주에게 귀속되는 지분 [구성요소]|주식발행초과금 [구성요소],제 57 기 1분기,0,,,13,KRW,,제 56 기 1분기,0,
20250515001922,11013,2025,00126380,SCE,자본변동표,ifrs-full_OtherComprehensiveIncomeNetOfTaxGainsLossesOnRemeasurementsOfDefinedBenefitPlans,순확정급여부채(자산) 재측정요소,연결재무제표 [member],제 57 기 1분기,-31780000000,,,14,KRW,,제 56 기 1분기,-82243000000,
20250515001922,11013,2025,00126380,SCE,자본변동표,ifrs-full_OtherComprehensiveIncomeNetOfTaxGainsLossesOnRemeasurementsOfDefinedBenefitPlans,순확정급여부채(자산) 재측정요소,자본 [구성요소]|비지배지분 [구성요소],제 57 기 1분기,-6000000,,,14,KRW,,제 56 기 1분기,616000000,
20250515001922,11013,2025,00126380,SCE,자본변동표,ifrs-full_OtherComprehensiveIncomeNetOfTaxGainsLossesOnRemeasurementsOfDefinedBenefitPlans,순확정급여부채(자산) 재측정요소,자본 [구성요소]|지배기업의 소유주에게 귀속되는 지분 [구성요소],제 57 기 1분기,-31774000000,,,14,KRW,,제 56 기 1분기,-82859000000,
20250515001922,11013,2025,00126380,SCE,자본변동표,ifrs-full_OtherComprehensiveIncomeNetOfTaxGainsLossesOnRemeasurementsOfDefinedBenefitPlans,순확정급여부채(자산) 재측정요소,자본 [구성요소]|지배기업의 소유주에게 귀속되는 지분 [구성요소]|기타자본구성요소 [구성요소],제 57 기 1분기,-31774000000,,,14,KRW,,제 56 기 1분기,-82859000000,
20250515001922,11013,2025,00126380,SCE,자본변동표,ifrs-full_OtherComprehensiveIncomeNetOfTaxGainsLossesOnRemeasurementsOfDefinedBenefitPlans,순확정급여부채(자산) 재측정요소,자본 [구성요소]|지배기업의 소유주에게 귀속되는 지분 [구성요소]|이익잉여금 [구성요소],제 57 기 1분기,0,,,14,KRW,,제 56 기 1분기,0,
20250515001922,11013,2025,00126380,SCE,자본변동표,ifrs-full_OtherComprehensiveIncomeNetOfTaxGainsLossesOnRemeasurementsOfDefinedBenefitPlans,순확정급여부채(자산) 재측정요소,자본 [구성요소]|지배기업의 소유주에게 귀속되는 지분 [구성요소]|자본금 [구성요소],제 57 기 1분기,0,,,14,KRW,,제 56 기 1분기,0,
20250515001922,11013,2025,00126380,SCE,자본변동표,ifrs-full_OtherComprehensiveIncomeNetOfTaxGainsLossesOnRemeasurementsOfDefinedBenefitPlans,순확정급여부채(자산) 재측정요소,자본 [구성요소]|지배기업의 소유주에게 귀속되는 지분 [구성요소]|주식발행초과금 [구성요소],제 57 기 1분기,0,,,14,KRW,,제 56 기 1분기,0,
20250515001922,11013,2025,00126380,SCE,자본변동표,ifrs-full_ProfitLoss,분기순이익,자본 [구성요소]|지배기업의 소유주에게 귀속되는 지분 [구성요소],제 57 기 1분기,8028407000000,,,15,KRW,,제 56 기 1분기,6621030000000,
20250515001922,11013,2025,00126380,SCE,자본변동표,ifrs-full_ProfitLoss,분기순이익,자본 [구성요소]|비지배지분 [구성요소],제 57 기 1분기,194471000000,,,15,KRW,,제 56 기 1분기,133678000000,
20250515001922,11013,2025,00126380,SCE,자본변동표,ifrs-full_ProfitLoss,분기순이익,연결재무제표 [member],제 57 기 1분기,8222878000000,,,15,KRW,,제 56 기 1분기,6754708000000,
20250515001922,11013,2025,00126380,SCE,자본변동표,ifrs-full_ProfitLoss,분기순이익,자본 [구성요소]|지배기업의 소유주에게 귀속되는 지분 [구성요소]|기타자본구성요소 [구성요소],제 57 기 1분기,0,,,15,KRW,,제 56 기 1분기,0,
20250515001922,11013,2025,00126380,SCE,자본변동표,ifrs-full_ProfitLoss,분기순이익,자본 [구성요소]|지배기업의 소유주에게 귀속되는 지분 [구성요소]|주식발행초과금 [구성요소],제 57 기 1분기,0,,,15,KRW,,제 56 기 1분기,0,
20250515001922,11013,2025,00126380,SCE,자본변동표,ifrs-full_ProfitLoss,분기순이익,자본 [구성요소]|지배기업의 소유주에게 귀속되는 지분 [구성요소]|자본금 [구성요소],제 57 기 1분기,0,,,15,KRW,,제 56 기 1분기,0,
20250515001922,11013,2025,00126380,SCE,자본변동표,ifrs-full_ProfitLoss,분기순이익,자본 [구성요소]|지배기업의 소유주에게 귀속되는 지분 [구성요소]|이익잉여금 [구성요소],제 57 기 1분기,8028407000000,,,15,KRW,,제 56 기 1분기,6621030000000,
20250515001922,11013,2025,00126380,SCE,자본변동표,ifrs-full_PurchaseOfTreasuryShares,자기주식의 취득,연결재무제표 [member],제 57 기 1분기,2955851000000,,,16,KRW,,제 56 기 1분기,,
20250515001922,11013,2025,00126380,SCE,자본변동표,ifrs-full_PurchaseOfTreasuryShares,자기주식의 취득,자본 [구성요소]|비지배지분 [구성요소],제 57 기 1분기,0,,,16,KRW,,제 56 기 1분기,,
20250515001922,11013,2025,00126380,SCE,자본변동표,ifrs-full_PurchaseOfTreasuryShares,자기주식의 취득,자본 [구성요소]|지배기업의 소유주에게 귀속되는 지분 [구성요소],제 57 기 1분기,2955851000000,,,16,KRW,,제 56 기 1분기,,
20250515001922,11013,2025,00126380,SCE,자본변동표,ifrs-full_PurchaseOfTreasuryShares,자기주식의 취득,자본 [구성요소]|지배기업의 소유주에게 귀속되는 지분 [구성요소]|기타자본구성요소 [구성요소],제 57 기 1분기,2955851000000,,,16,KRW,,제 56 기 1분기,,
20250515001922,11013,2025,00126380,SCE,자본변동표,ifrs-full_PurchaseOfTreasuryShares,자기주식의 취득,자본 [구성요소]|지배기업의 소유주에게 귀속되는 지분 [구성요소]|이익잉여금 [구성요소],제 57 기 1분기,0,,,16,KRW,,제 56 기 1분기,,
20250515001922,11013,2025,00126380,SCE,자본변동표,ifrs-full_PurchaseOfTreasuryShares,자기주식의 취득,자본 [구성요소]|지배기업의 소유주에게 귀속되는 지분 [구성요소]|자본금 [구성요소],제 57 기 1분기,0,,,16,KRW,,제 56 기 1분기,,
20250515001922,11013,2025,00126380,SCE,자본변동표,ifrs-full_PurchaseOfTreasuryShares,자기주식의 취득,자본 [구성요소]|지배기업의 소유주에게 귀속되는 지분 [구성요소]|주식발행초과금 [구성요소],제 57 기 1분기,0,,,16,KRW,,제 56 기 1분기,,
20250515001922,11013,2025,00126380,SCE,자본변동표,ifrs-full_ShareOfOtherComprehensiveIncomeOfAssociatesAndJointVenturesAccountedForUsingEquityMethod,관계기업 및 공동기업의 기타포괄손익에 대한 지분,연결재무제표 [member],제 57 기 1분기,55867000000,,,17,KRW,,제 56 기 1분기,39809000000,
20250515001922,11013,2025,00126380,SCE,자본변동표,ifrs-full_ShareOfOtherComprehensiveIncomeOfAssociatesAndJointVenturesAccountedForUsingEquityMethod,관계기업 및 공동기업의 기타포괄손익에 대한 지분,자본 [구성요소]|비지배지분 [구성요소],제 57 기 1분기,-375000000,,,17,KRW,,제 56 기 1분기,-8785000000,
20250515001922,11013,2025,00126380,SCE,자본변동표,ifrs-full_ShareOfOtherComprehensiveIncomeOfAssociatesAndJointVenturesAccountedForUsingEquityMethod,관계기업 및 공동기업의 기타포괄손익에 대한 지분,자본 [구성요소]|지배기업의 소유주에게 귀속되는 지분 [구성요소],제 57 기 1분기,56242000000,,,17,KRW,,제 56 기 1분기,48594000000,
20250515001922,11013,2025,00126380,SCE,자본변동표,ifrs-full_ShareOfOtherComprehensiveIncomeOfAssociatesAndJointVenturesAccountedForUsingEquityMethod,관계기업 및 공동기업의 기타포괄손익에 대한 지분,자본 [구성요소]|지배기업의 소유주에게 귀속되는 지분 [구성요소]|자본금 [구성요소],제 57 기 1분기,0,,,17,KRW,,제 56 기 1분기,0,
20250515001922,11013,2025,00126380,SCE,자본변동표,ifrs-full_ShareOfOtherComprehensiveIncomeOfAssociatesAndJointVenturesAccountedForUsingEquityMethod,관계기업 및 공동기업의 기타포괄손익에 대한 지분,자본 [구성요소]|지배기업의 소유주에게 귀속되는 지분 [구성요소]|이익잉여금 [구성요소],제 57 기 1분기,0,,,17,KRW,,제 56 기 1분기,0,
20250515001922,11013,2025,00126380,SCE,자본변동표,ifrs-full_ShareOfOtherComprehensiveIncomeOfAssociatesAndJointVenturesAccountedForUsingEquityMethod,관계기업 및 공동기업의 기타포괄손익에 대한 지분,자본 [구성요소]|지배기업의 소유주에게 귀속되는 지분 [구성요소]|기타자본구성요소 [구성요소],제 57 기 1분기,56242000000,,,17,KRW,,제 56 기 1분기,48594000000,
20250515001922,11013,2025,00126380,SCE,자본변동표,ifrs-full_ShareOfOtherComprehensiveIncomeOfAssociatesAndJointVenturesAccountedForUsingEquityMethod,관계기업 및 공동기업의 기타포괄손익에 대한 지분,자본 [구성요소]|지배기업의 소유주에게 귀속되는 지분 [구성요소]|주식발행초과금 [구성요소],제 57 기 1분기,0,,,17,KRW,,제 56 기 1분기,0,
